{
    "id": "e3c2e52f-4da4-4ee0-8eb4-81d81dfb7ca0",
    "scriptName": "【8】状态栏",
    "disabled": false,
    "runOnEdit": true,
    "findRegex": "<StatusPlaceHolderImpl/>",
    "replaceString": "```html\n<!DOCTYPE html>\n<html>\n<body>\n  <style>\n    body {\n      font-family: 'Roboto', 'Noto', sans-serif;\n      background: transparent;\n      display: flex;\n      justify-content: center;\n      align-items: center;\n      min-height: 100vh;\n      margin: 0;\n      padding: clamp(12px, 3vw, 20px);\n    }\n\n    .card {\n      background: #ffffff;\n      border-radius: clamp(16px, 4vw, 24px);\n      box-shadow: 0 6px 20px rgba(0, 0, 0, 0.08), 0 2px 6px rgba(0, 0, 0, 0.1);\n      transition: all 0.4s cubic-bezier(.25,.8,.25,1);\n      width: 100%;\n      max-width: clamp(300px, 90vw, 420px);\n      padding: clamp(20px, 5vw, 28px);\n      box-sizing: border-box;\n      position: relative;\n    }\n\n    .card:hover {\n      box-shadow: 0 12px 30px rgba(0, 0, 0, 0.12), 0 4px 12px rgba(0, 0, 0, 0.16);\n      transform: translateY(-2px);\n    }\n\n    .title {\n      font-size: clamp(20px, 6vw, 26px);\n      font-weight: 600;\n      margin: 0 0 clamp(6px, 2vw, 8px) 0;\n      text-align: center;\n      letter-spacing: 0.3px;\n      background: linear-gradient(45deg, #1a73e8, #4285f4, #0066cc);\n      -webkit-background-clip: text;\n      -webkit-text-fill-color: transparent;\n      background-clip: text;\n    }\n\n    .subtitle {\n      font-size: clamp(12px, 3.5vw, 15px);\n      color: #5f6368;\n      text-align: center;\n      margin: 0 0 clamp(16px, 4vw, 20px) 0;\n      font-weight: 400;\n    }\n\n    status {\n      display: flex;\n      flex-direction: column;\n      gap: clamp(12px, 3vw, 16px);\n    }\n\n    .status-item {\n      display: flex;\n      justify-content: space-between;\n      align-items: center;\n      padding: clamp(10px, 2.5vw, 14px) clamp(14px, 3.5vw, 18px);\n      background: #f8f9fa;\n      border-radius: clamp(12px, 3vw, 14px);\n      transition: all 0.3s ease;\n      animation: slideIn 0.5s ease-out forwards;\n      opacity: 0;\n      transform: translateY(20px);\n    }\n\n    @keyframes slideIn {\n      to {\n        opacity: 1;\n        transform: translateY(0);\n      }\n    }\n\n    .status-item:hover {\n      background: #e8f0fe;\n      transform: translateX(4px);\n    }\n\n    .label {\n      font-size: clamp(13px, 3.8vw, 16px);\n      color: #5f6368;\n      display: flex;\n      align-items: center;\n      gap: clamp(6px, 1.5vw, 8px);\n      font-weight: 500;\n      flex: 1;\n      min-width: 0;\n    }\n\n    .value {\n      font-size: clamp(14px, 4vw, 17px);\n      font-weight: 600;\n      color: #202124;\n      background: white;\n      padding: clamp(4px, 1.2vw, 5px) clamp(10px, 2.5vw, 12px);\n      border-radius: clamp(8px, 2vw, 10px);\n      box-shadow: 0 1px 3px rgba(0,0,0,0.1);\n      transition: all 0.2s ease;\n      max-width: 60%;\n      text-align: right;\n      overflow: hidden;\n      text-overflow: ellipsis;\n      white-space: normal;\n    }\n\n    .value:hover {\n      transform: scale(1.05);\n    }\n\n    /* 更多颜色类 - 扩展到20个 */\n    .color-0 { color: #d93025; } .bg-0 { background-color: #fce8e6; }\n    .color-1 { color: #188038; } .bg-1 { background-color: #e6f4ea; }\n    .color-2 { color: #1a73e8; } .bg-2 { background-color: #e8f0fe; }\n    .color-3 { color: #f9ab00; } .bg-3 { background-color: #fef7e0; }\n    .color-4 { color: #9334e6; } .bg-4 { background-color: #f3e8fd; }\n    .color-5 { color: #e8710a; } .bg-5 { background-color: #feede6; }\n    .color-6 { color: #0d9d58; } .bg-6 { background-color: #e1f7f0; }\n    .color-7 { color: #a142f4; } .bg-7 { background-color: #f1eafd; }\n    .color-8 { color: #d50000; } .bg-8 { background-color: #ffd2d2; }\n    .color-9 { color: #009688; } .bg-9 { background-color: #d1f0ee; }\n    .color-10 { color: #6200ea; } .bg-10 { background-color: #e0d0ff; }\n    .color-11 { color: #00bfa5; } .bg-11 { background-color: #c3f5e9; }\n    .color-12 { color: #ff4081; } .bg-12 { background-color: #ffe3eb; }\n    .color-13 { color: #607d8b; } .bg-13 { background-color: #e1e8ed; }\n    .color-14 { color: #795548; } .bg-14 { background-color: #efebe9; }\n    .color-15 { color: #43a047; } .bg-15 { background-color: #e8f5e9; }\n    .color-16 { color: #00bcd4; } .bg-16 { background-color: #e0f7fa; }\n    .color-17 { color: #cddc39; } .bg-17 { background-color: #f9fbe7; }\n    .color-18 { color: #ff9800; } .bg-18 { background-color: #fff3e0; }\n    .color-19 { color: #9c27b0; } .bg-19 { background-color: #f3e5f5; }\n\n    .toggle-button {\n      position: absolute;\n      top: clamp(12px, 3vw, 14px);\n      right: clamp(12px, 3vw, 14px);\n      background: #e8f0fe;\n      color: #1a73e8;\n      border: none;\n      padding: clamp(4px, 1.2vw, 5px) clamp(8px, 2vw, 10px);\n      border-radius: clamp(8px, 2vw, 10px);\n      font-size: clamp(10px, 2.8vw, 13px);\n      font-weight: 500;\n      cursor: pointer;\n      transition: all 0.3s cubic-bezier(.25,.8,.25,1);\n      box-shadow: 0 2px 6px rgba(0,0,0,0.1);\n      z-index: 10;\n    }\n\n    .toggle-button:hover {\n      background: #d2e3fc;\n      transform: translateY(-2px);\n      box-shadow: 0 4px 8px rgba(0,0,0,0.15);\n    }\n\n    .powered-content {\n      text-align: center;\n      padding: clamp(20px, 5vw, 25px) clamp(12px, 3vw, 15px);\n      background: #f8f9fa;\n      border-radius: clamp(12px, 3vw, 14px);\n      margin-top: clamp(12px, 3vw, 16px);\n      display: none;\n      animation: fadeIn 0.4s ease-out forwards;\n    }\n\n    .powered-content.show {\n      display: block;\n    }\n\n    @keyframes fadeIn {\n      from {\n        opacity: 0;\n        transform: scale(0.95);\n      }\n      to {\n        opacity: 1;\n        transform: scale(1);\n      }\n    }\n\n    .powered-text {\n      font-size: clamp(14px, 4.2vw, 17px);\n      color: #1a73e8;\n      font-weight: 600;\n      margin: 0;\n      background: linear-gradient(45deg, #1a73e8, #0066cc);\n      -webkit-background-clip: text;\n      -webkit-text-fill-color: transparent;\n      background-clip: text;\n    }\n\n    /* 卡片内容动画 */\n    .card-content {\n      transition: all 0.4s cubic-bezier(.25,.8,.25,1);\n    }\n\n    .card-content.hidden {\n      opacity: 0;\n      transform: scale(0.95);\n    }\n\n    /* 响应式调整 */\n    @media (max-width: 480px) {\n      body {\n        padding: clamp(8px, 2vw, 12px);\n      }\n      \n      .status-item {\n        padding: clamp(8px, 2vw, 12px) clamp(12px, 3vw, 16px);\n      }\n      \n      .label {\n        font-size: clamp(12px, 3.2vw, 14px);\n      }\n      \n      .value {\n        font-size: clamp(13px, 3.5vw, 15px);\n        max-width: 55%;\n      }\n    }\n\n    @media (min-width: 768px) {\n      .card {\n        max-width: clamp(380px, 50vw, 450px);\n      }\n    }\n\n    @media (min-width: 1200px) {\n      .card {\n        max-width: 480px;\n      }\n    }\n  </style>\n\n  <div class=\"card\" id=\"card\">\n    <button class=\"toggle-button\" id=\"toggleButton\">隐藏</button>\n    <div class=\"card-content\" id=\"cardContent\">\n      <h1 class=\"title\">Sudachi-Status</h1>\n      <p class=\"subtitle\">当前角色状态</p>\n      <status>\n        角色：{{get_message_variable::stat_data.互动角色.角色名}}\n        好感度：{{get_message_variable::stat_data.互动角色.好感度}}\n        性欲值：{{get_message_variable::stat_data.互动角色.性欲值}}\n        上装：{{get_message_variable::stat_data.互动角色.服饰.上装}}\n        下装：{{get_message_variable::stat_data.互动角色.服饰.下装}}\n        内衣：{{get_message_variable::stat_data.互动角色.服饰.内衣}}\n        鞋履：{{get_message_variable::stat_data.互动角色.服饰.鞋履}}\n        整体风格：{{get_message_variable::stat_data.互动角色.服饰.整体风格}}\n        日期：{{get_message_variable::stat_data.环境.日期}}\n        时间：{{get_message_variable::stat_data.环境.时间}}\n        地点：{{get_message_variable::stat_data.环境.地点}}\n      </status>\n    </div>\n    <div class=\"powered-content\" id=\"poweredContent\">\n      <p class=\"powered-text\">Powered By Sudachi</p>\n    </div>\n  </div>\n\n  <script>\n    document.addEventListener('DOMContentLoaded', function() {\n      const statusElement = document.querySelector('status');\n      const statusText = statusElement.textContent.trim();\n      \n      // 解析状态信息\n      const lines = statusText.split('\\n').map(line => line.trim()).filter(line => line);\n      \n      // 清空原有内容\n      statusElement.innerHTML = '';\n      \n      // 更多emoji\n      const emojis = ['🐧', '❤', '🔞', '👚', '🩳', '🩲', '🩴', '🏙', '📅', '🕗', '📍', '💭', '🍰', '🤢', '👥', '👩‍🎨', '💉', '📏', '⚖️', '♌'];\n      \n      // 处理每行数据并添加动画延迟\n      lines.forEach((line, index) => {\n        const separatorIndex = line.indexOf('：');\n        if (separatorIndex !== -1) {\n          const label = line.substring(0, separatorIndex);\n          const value = line.substring(separatorIndex + 1);\n          \n          const statusItem = document.createElement('div');\n          statusItem.className = `status-item bg-${index % 20}`;\n          statusItem.style.animationDelay = `${index * 0.1}s`;\n          \n          const labelSpan = document.createElement('span');\n          labelSpan.className = 'label';\n          labelSpan.innerHTML = `<span style=\"flex-shrink:0;\">${emojis[index % emojis.length]}</span> <span style=\"overflow:hidden;text-overflow:ellipsis;\">${label}</span>`;\n          \n          const valueSpan = document.createElement('span');\n          valueSpan.className = `value color-${index % 20}`;\n          valueSpan.textContent = value;\n          valueSpan.title = value; // 添加title属性以便鼠标悬停时显示完整内容\n          \n          statusItem.appendChild(labelSpan);\n          statusItem.appendChild(valueSpan);\n          \n          statusElement.appendChild(statusItem);\n        }\n      });\n      \n      // 添加切换按钮功能\n      const toggleButton = document.getElementById('toggleButton');\n      const cardContent = document.getElementById('cardContent');\n      const poweredContent = document.getElementById('poweredContent');\n      const card = document.getElementById('card');\n      \n      let isHidden = false;\n      \n      toggleButton.addEventListener('click', function() {\n        isHidden = !isHidden;\n        \n        if (isHidden) {\n          // 隐藏状态信息，显示Powered By\n          cardContent.classList.add('hidden');\n          setTimeout(() => {\n            cardContent.style.display = 'none';\n            poweredContent.classList.add('show');\n            poweredContent.style.display = 'block';\n            // 调整卡片padding以适应内容\n            card.style.padding = 'clamp(30px, 7vw, 45px) clamp(25px, 6vw, 35px)';\n          }, 300);\n          toggleButton.textContent = '显示';\n        } else {\n          // 显示状态信息，隐藏Powered By\n          poweredContent.classList.remove('show');\n          setTimeout(() => {\n            poweredContent.style.display = 'none';\n            cardContent.style.display = 'block';\n            cardContent.classList.remove('hidden');\n            // 恢复卡片padding\n            card.style.padding = 'clamp(20px, 5vw, 28px)';\n            toggleButton.textContent = '隐藏';\n          }, 300);\n        }\n      });\n    });\n  </script>\n</body>\n</html>\n```",
    "trimStrings": [],
    "placement": [
        2
    ],
    "substituteRegex": 0,
    "minDepth": null,
    "maxDepth": null,
    "markdownOnly": true,
    "promptOnly": false
}